No.,Video URL
1,https://music.youtube.com/watch?v=y6fu23UWJYs&list=RDTMAK5uy_nilrsVWxrKskY0ZUpVZ3zpB0u4LwWTVJ4
2,https://music.youtube.com/watch?v=GPNMTOxCeno&list=RDTMAK5uy_nilrsVWxrKskY0ZUpVZ3zpB0u4LwWTVJ4
3,https://music.youtube.com/watch?v=KzupfvwZkLc&list=RDTMAK5uy_nilrsVWxrKskY0ZUpVZ3zpB0u4LwWTVJ4
4,https://music.youtube.com/watch?v=eoA3B-shyPA&list=RDTMAK5uy_nilrsVWxrKskY0ZUpVZ3zpB0u4LwWTVJ4
5,https://music.youtube.com/watch?v=gwJYDy52D2U&list=RDTMAK5uy_nilrsVWxrKskY0ZUpVZ3zpB0u4LwWTVJ4
6,https://music.youtube.com/watch?v=NfxKuAHDC3s&list=RDTMAK5uy_nilrsVWxrKskY0ZUpVZ3zpB0u4LwWTVJ4
7,https://music.youtube.com/watch?v=QadOC6dGoIA&list=RDTMAK5uy_nilrsVWxrKskY0ZUpVZ3zpB0u4LwWTVJ4
8,https://music.youtube.com/watch?v=p3LWd5JFYbs&list=RDTMAK5uy_nilrsVWxrKskY0ZUpVZ3zpB0u4LwWTVJ4
9,https://music.youtube.com/watch?v=73stcwZC9vk&list=RDTMAK5uy_nilrsVWxrKskY0ZUpVZ3zpB0u4LwWTVJ4
10,https://music.youtube.com/watch?v=UXcB1X9G1Uo&list=RDTMAK5uy_nilrsVWxrKskY0ZUpVZ3zpB0u4LwWTVJ4
